id	bit	trials	MASKED	DETECTED	REPAIRED	TIMING	SDC	LOST	EXTRA	HANG	OTHER
0	g_lane[0].u_lane.u_acc_a.q[0]	12	0	12	0	0	0	0	0	0	0
1	g_lane[0].u_lane.u_acc_a.q[1]	12	0	12	0	0	0	0	0	0	0
2	g_lane[0].u_lane.u_acc_a.q[2]	12	0	12	0	0	0	0	0	0	0
3	g_lane[0].u_lane.u_acc_a.q[3]	12	0	12	0	0	0	0	0	0	0
4	g_lane[0].u_lane.u_acc_a.q[4]	12	0	12	0	0	0	0	0	0	0
5	g_lane[0].u_lane.u_acc_a.q[5]	12	0	12	0	0	0	0	0	0	0
6	g_lane[0].u_lane.u_acc_a.q[6]	12	0	12	0	0	0	0	0	0	0
7	g_lane[0].u_lane.u_acc_a.q[7]	12	0	12	0	0	0	0	0	0	0
8	g_lane[0].u_lane.u_acc_a.q[8]	12	0	12	0	0	0	0	0	0	0
9	g_lane[0].u_lane.u_acc_a.q[9]	12	0	12	0	0	0	0	0	0	0
10	g_lane[0].u_lane.u_acc_a.q[10]	12	0	12	0	0	0	0	0	0	0
11	g_lane[0].u_lane.u_acc_a.q[11]	12	0	12	0	0	0	0	0	0	0
12	g_lane[0].u_lane.u_acc_a.q[12]	12	0	12	0	0	0	0	0	0	0
13	g_lane[0].u_lane.u_acc_a.q[13]	12	0	12	0	0	0	0	0	0	0
14	g_lane[0].u_lane.u_acc_a.q[14]	12	0	12	0	0	0	0	0	0	0
15	g_lane[0].u_lane.u_acc_a.q[15]	12	0	12	0	0	0	0	0	0	0
16	g_lane[0].u_lane.u_acc_a.q[16]	12	0	12	0	0	0	0	0	0	0
17	g_lane[0].u_lane.u_acc_a.q[17]	12	0	12	0	0	0	0	0	0	0
18	g_lane[0].u_lane.u_acc_a.q[18]	12	0	12	0	0	0	0	0	0	0
19	g_lane[0].u_lane.u_acc_a.q[19]	12	0	12	0	0	0	0	0	0	0
20	g_lane[0].u_lane.u_acc_a.q[20]	12	0	12	0	0	0	0	0	0	0
21	g_lane[0].u_lane.u_acc_a.q[21]	12	0	12	0	0	0	0	0	0	0
22	g_lane[0].u_lane.u_acc_a.q[22]	12	0	12	0	0	0	0	0	0	0
23	g_lane[0].u_lane.u_acc_a.q[23]	12	0	12	0	0	0	0	0	0	0
24	g_lane[0].u_lane.u_acc_a.q[24]	12	0	12	0	0	0	0	0	0	0
25	g_lane[0].u_lane.u_acc_a.q[25]	12	0	12	0	0	0	0	0	0	0
26	g_lane[0].u_lane.u_acc_a.q[26]	12	0	12	0	0	0	0	0	0	0
27	g_lane[0].u_lane.u_acc_a.q[27]	12	0	12	0	0	0	0	0	0	0
28	g_lane[0].u_lane.u_acc_a.q[28]	12	1	11	0	0	0	0	0	0	0
29	g_lane[0].u_lane.u_acc_a.q[29]	12	0	12	0	0	0	0	0	0	0
30	g_lane[0].u_lane.u_acc_a.q[30]	12	0	12	0	0	0	0	0	0	0
31	g_lane[0].u_lane.u_acc_a.q[31]	12	0	12	0	0	0	0	0	0	0
32	g_lane[1].u_lane.u_acc_a.q[0]	12	0	12	0	0	0	0	0	0	0
33	g_lane[1].u_lane.u_acc_a.q[1]	12	0	12	0	0	0	0	0	0	0
34	g_lane[1].u_lane.u_acc_a.q[2]	12	0	12	0	0	0	0	0	0	0
35	g_lane[1].u_lane.u_acc_a.q[3]	12	0	12	0	0	0	0	0	0	0
36	g_lane[1].u_lane.u_acc_a.q[4]	12	0	12	0	0	0	0	0	0	0
37	g_lane[1].u_lane.u_acc_a.q[5]	12	0	12	0	0	0	0	0	0	0
38	g_lane[1].u_lane.u_acc_a.q[6]	12	0	12	0	0	0	0	0	0	0
39	g_lane[1].u_lane.u_acc_a.q[7]	12	0	12	0	0	0	0	0	0	0
40	g_lane[1].u_lane.u_acc_a.q[8]	12	0	12	0	0	0	0	0	0	0
41	g_lane[1].u_lane.u_acc_a.q[9]	12	0	12	0	0	0	0	0	0	0
42	g_lane[1].u_lane.u_acc_a.q[10]	12	0	12	0	0	0	0	0	0	0
43	g_lane[1].u_lane.u_acc_a.q[11]	12	0	12	0	0	0	0	0	0	0
44	g_lane[1].u_lane.u_acc_a.q[12]	12	0	12	0	0	0	0	0	0	0
45	g_lane[1].u_lane.u_acc_a.q[13]	12	0	12	0	0	0	0	0	0	0
46	g_lane[1].u_lane.u_acc_a.q[14]	12	0	12	0	0	0	0	0	0	0
47	g_lane[1].u_lane.u_acc_a.q[15]	12	0	12	0	0	0	0	0	0	0
48	g_lane[1].u_lane.u_acc_a.q[16]	12	0	12	0	0	0	0	0	0	0
49	g_lane[1].u_lane.u_acc_a.q[17]	12	0	12	0	0	0	0	0	0	0
50	g_lane[1].u_lane.u_acc_a.q[18]	12	0	12	0	0	0	0	0	0	0
51	g_lane[1].u_lane.u_acc_a.q[19]	12	0	12	0	0	0	0	0	0	0
52	g_lane[1].u_lane.u_acc_a.q[20]	12	0	12	0	0	0	0	0	0	0
53	g_lane[1].u_lane.u_acc_a.q[21]	12	0	12	0	0	0	0	0	0	0
54	g_lane[1].u_lane.u_acc_a.q[22]	12	0	12	0	0	0	0	0	0	0
55	g_lane[1].u_lane.u_acc_a.q[23]	12	0	12	0	0	0	0	0	0	0
56	g_lane[1].u_lane.u_acc_a.q[24]	12	0	12	0	0	0	0	0	0	0
57	g_lane[1].u_lane.u_acc_a.q[25]	12	0	12	0	0	0	0	0	0	0
58	g_lane[1].u_lane.u_acc_a.q[26]	12	0	12	0	0	0	0	0	0	0
59	g_lane[1].u_lane.u_acc_a.q[27]	12	0	12	0	0	0	0	0	0	0
60	g_lane[1].u_lane.u_acc_a.q[28]	12	0	12	0	0	0	0	0	0	0
61	g_lane[1].u_lane.u_acc_a.q[29]	12	0	12	0	0	0	0	0	0	0
62	g_lane[1].u_lane.u_acc_a.q[30]	12	0	12	0	0	0	0	0	0	0
63	g_lane[1].u_lane.u_acc_a.q[31]	12	0	12	0	0	0	0	0	0	0
64	g_lane[2].u_lane.u_acc_a.q[0]	12	0	12	0	0	0	0	0	0	0
65	g_lane[2].u_lane.u_acc_a.q[1]	12	0	12	0	0	0	0	0	0	0
66	g_lane[2].u_lane.u_acc_a.q[2]	12	0	12	0	0	0	0	0	0	0
67	g_lane[2].u_lane.u_acc_a.q[3]	12	0	12	0	0	0	0	0	0	0
68	g_lane[2].u_lane.u_acc_a.q[4]	12	0	12	0	0	0	0	0	0	0
69	g_lane[2].u_lane.u_acc_a.q[5]	12	0	12	0	0	0	0	0	0	0
70	g_lane[2].u_lane.u_acc_a.q[6]	12	0	12	0	0	0	0	0	0	0
71	g_lane[2].u_lane.u_acc_a.q[7]	12	0	12	0	0	0	0	0	0	0
72	g_lane[2].u_lane.u_acc_a.q[8]	12	0	12	0	0	0	0	0	0	0
73	g_lane[2].u_lane.u_acc_a.q[9]	12	0	12	0	0	0	0	0	0	0
74	g_lane[2].u_lane.u_acc_a.q[10]	12	0	12	0	0	0	0	0	0	0
75	g_lane[2].u_lane.u_acc_a.q[11]	12	0	12	0	0	0	0	0	0	0
76	g_lane[2].u_lane.u_acc_a.q[12]	12	0	12	0	0	0	0	0	0	0
77	g_lane[2].u_lane.u_acc_a.q[13]	12	0	12	0	0	0	0	0	0	0
78	g_lane[2].u_lane.u_acc_a.q[14]	12	0	12	0	0	0	0	0	0	0
79	g_lane[2].u_lane.u_acc_a.q[15]	12	0	12	0	0	0	0	0	0	0
80	g_lane[2].u_lane.u_acc_a.q[16]	12	0	12	0	0	0	0	0	0	0
81	g_lane[2].u_lane.u_acc_a.q[17]	12	0	12	0	0	0	0	0	0	0
82	g_lane[2].u_lane.u_acc_a.q[18]	12	0	12	0	0	0	0	0	0	0
83	g_lane[2].u_lane.u_acc_a.q[19]	12	0	12	0	0	0	0	0	0	0
84	g_lane[2].u_lane.u_acc_a.q[20]	12	0	12	0	0	0	0	0	0	0
85	g_lane[2].u_lane.u_acc_a.q[21]	12	0	12	0	0	0	0	0	0	0
86	g_lane[2].u_lane.u_acc_a.q[22]	12	0	12	0	0	0	0	0	0	0
87	g_lane[2].u_lane.u_acc_a.q[23]	12	0	12	0	0	0	0	0	0	0
88	g_lane[2].u_lane.u_acc_a.q[24]	12	0	12	0	0	0	0	0	0	0
89	g_lane[2].u_lane.u_acc_a.q[25]	12	0	12	0	0	0	0	0	0	0
90	g_lane[2].u_lane.u_acc_a.q[26]	12	0	12	0	0	0	0	0	0	0
91	g_lane[2].u_lane.u_acc_a.q[27]	12	0	12	0	0	0	0	0	0	0
92	g_lane[2].u_lane.u_acc_a.q[28]	12	0	12	0	0	0	0	0	0	0
93	g_lane[2].u_lane.u_acc_a.q[29]	12	0	12	0	0	0	0	0	0	0
94	g_lane[2].u_lane.u_acc_a.q[30]	12	0	12	0	0	0	0	0	0	0
95	g_lane[2].u_lane.u_acc_a.q[31]	12	0	12	0	0	0	0	0	0	0
96	g_lane[3].u_lane.u_acc_a.q[0]	12	0	12	0	0	0	0	0	0	0
97	g_lane[3].u_lane.u_acc_a.q[1]	12	0	12	0	0	0	0	0	0	0
98	g_lane[3].u_lane.u_acc_a.q[2]	12	0	12	0	0	0	0	0	0	0
99	g_lane[3].u_lane.u_acc_a.q[3]	12	0	12	0	0	0	0	0	0	0
100	g_lane[3].u_lane.u_acc_a.q[4]	12	0	12	0	0	0	0	0	0	0
101	g_lane[3].u_lane.u_acc_a.q[5]	12	0	12	0	0	0	0	0	0	0
102	g_lane[3].u_lane.u_acc_a.q[6]	12	0	12	0	0	0	0	0	0	0
103	g_lane[3].u_lane.u_acc_a.q[7]	12	0	12	0	0	0	0	0	0	0
104	g_lane[3].u_lane.u_acc_a.q[8]	12	0	12	0	0	0	0	0	0	0
105	g_lane[3].u_lane.u_acc_a.q[9]	12	0	12	0	0	0	0	0	0	0
106	g_lane[3].u_lane.u_acc_a.q[10]	12	0	12	0	0	0	0	0	0	0
107	g_lane[3].u_lane.u_acc_a.q[11]	12	0	12	0	0	0	0	0	0	0
108	g_lane[3].u_lane.u_acc_a.q[12]	12	0	12	0	0	0	0	0	0	0
109	g_lane[3].u_lane.u_acc_a.q[13]	12	0	12	0	0	0	0	0	0	0
110	g_lane[3].u_lane.u_acc_a.q[14]	12	0	12	0	0	0	0	0	0	0
111	g_lane[3].u_lane.u_acc_a.q[15]	12	0	12	0	0	0	0	0	0	0
112	g_lane[3].u_lane.u_acc_a.q[16]	12	0	12	0	0	0	0	0	0	0
113	g_lane[3].u_lane.u_acc_a.q[17]	12	0	12	0	0	0	0	0	0	0
114	g_lane[3].u_lane.u_acc_a.q[18]	12	0	12	0	0	0	0	0	0	0
115	g_lane[3].u_lane.u_acc_a.q[19]	12	0	12	0	0	0	0	0	0	0
116	g_lane[3].u_lane.u_acc_a.q[20]	12	0	12	0	0	0	0	0	0	0
117	g_lane[3].u_lane.u_acc_a.q[21]	12	0	12	0	0	0	0	0	0	0
118	g_lane[3].u_lane.u_acc_a.q[22]	12	0	12	0	0	0	0	0	0	0
119	g_lane[3].u_lane.u_acc_a.q[23]	12	0	12	0	0	0	0	0	0	0
120	g_lane[3].u_lane.u_acc_a.q[24]	12	0	12	0	0	0	0	0	0	0
121	g_lane[3].u_lane.u_acc_a.q[25]	12	0	12	0	0	0	0	0	0	0
122	g_lane[3].u_lane.u_acc_a.q[26]	12	0	12	0	0	0	0	0	0	0
123	g_lane[3].u_lane.u_acc_a.q[27]	12	0	12	0	0	0	0	0	0	0
124	g_lane[3].u_lane.u_acc_a.q[28]	12	0	12	0	0	0	0	0	0	0
125	g_lane[3].u_lane.u_acc_a.q[29]	12	0	12	0	0	0	0	0	0	0
126	g_lane[3].u_lane.u_acc_a.q[30]	12	0	12	0	0	0	0	0	0	0
127	g_lane[3].u_lane.u_acc_a.q[31]	12	0	12	0	0	0	0	0	0	0
128	g_lane[0].u_lane.u_acc_b.q[0]	12	0	12	0	0	0	0	0	0	0
129	g_lane[0].u_lane.u_acc_b.q[1]	12	0	12	0	0	0	0	0	0	0
130	g_lane[0].u_lane.u_acc_b.q[2]	12	0	12	0	0	0	0	0	0	0
131	g_lane[0].u_lane.u_acc_b.q[3]	12	0	12	0	0	0	0	0	0	0
132	g_lane[0].u_lane.u_acc_b.q[4]	12	0	12	0	0	0	0	0	0	0
133	g_lane[0].u_lane.u_acc_b.q[5]	12	0	12	0	0	0	0	0	0	0
134	g_lane[0].u_lane.u_acc_b.q[6]	12	0	12	0	0	0	0	0	0	0
135	g_lane[0].u_lane.u_acc_b.q[7]	12	0	12	0	0	0	0	0	0	0
136	g_lane[0].u_lane.u_acc_b.q[8]	12	1	11	0	0	0	0	0	0	0
137	g_lane[0].u_lane.u_acc_b.q[9]	12	0	12	0	0	0	0	0	0	0
138	g_lane[0].u_lane.u_acc_b.q[10]	12	0	12	0	0	0	0	0	0	0
139	g_lane[0].u_lane.u_acc_b.q[11]	12	0	12	0	0	0	0	0	0	0
140	g_lane[0].u_lane.u_acc_b.q[12]	12	0	12	0	0	0	0	0	0	0
141	g_lane[0].u_lane.u_acc_b.q[13]	12	0	12	0	0	0	0	0	0	0
142	g_lane[0].u_lane.u_acc_b.q[14]	12	0	12	0	0	0	0	0	0	0
143	g_lane[0].u_lane.u_acc_b.q[15]	12	0	12	0	0	0	0	0	0	0
144	g_lane[0].u_lane.u_acc_b.q[16]	12	0	12	0	0	0	0	0	0	0
145	g_lane[0].u_lane.u_acc_b.q[17]	12	0	12	0	0	0	0	0	0	0
146	g_lane[0].u_lane.u_acc_b.q[18]	12	0	12	0	0	0	0	0	0	0
147	g_lane[0].u_lane.u_acc_b.q[19]	12	0	12	0	0	0	0	0	0	0
148	g_lane[0].u_lane.u_acc_b.q[20]	12	0	12	0	0	0	0	0	0	0
149	g_lane[0].u_lane.u_acc_b.q[21]	12	0	12	0	0	0	0	0	0	0
150	g_lane[0].u_lane.u_acc_b.q[22]	12	0	12	0	0	0	0	0	0	0
151	g_lane[0].u_lane.u_acc_b.q[23]	12	0	12	0	0	0	0	0	0	0
152	g_lane[0].u_lane.u_acc_b.q[24]	12	0	12	0	0	0	0	0	0	0
153	g_lane[0].u_lane.u_acc_b.q[25]	12	0	12	0	0	0	0	0	0	0
154	g_lane[0].u_lane.u_acc_b.q[26]	12	0	12	0	0	0	0	0	0	0
155	g_lane[0].u_lane.u_acc_b.q[27]	12	0	12	0	0	0	0	0	0	0
156	g_lane[0].u_lane.u_acc_b.q[28]	12	0	12	0	0	0	0	0	0	0
157	g_lane[0].u_lane.u_acc_b.q[29]	12	0	12	0	0	0	0	0	0	0
158	g_lane[0].u_lane.u_acc_b.q[30]	12	0	12	0	0	0	0	0	0	0
159	g_lane[0].u_lane.u_acc_b.q[31]	12	0	12	0	0	0	0	0	0	0
160	g_lane[1].u_lane.u_acc_b.q[0]	12	0	12	0	0	0	0	0	0	0
161	g_lane[1].u_lane.u_acc_b.q[1]	12	0	12	0	0	0	0	0	0	0
162	g_lane[1].u_lane.u_acc_b.q[2]	12	0	12	0	0	0	0	0	0	0
163	g_lane[1].u_lane.u_acc_b.q[3]	12	0	12	0	0	0	0	0	0	0
164	g_lane[1].u_lane.u_acc_b.q[4]	12	0	12	0	0	0	0	0	0	0
165	g_lane[1].u_lane.u_acc_b.q[5]	12	0	12	0	0	0	0	0	0	0
166	g_lane[1].u_lane.u_acc_b.q[6]	12	0	12	0	0	0	0	0	0	0
167	g_lane[1].u_lane.u_acc_b.q[7]	12	0	12	0	0	0	0	0	0	0
168	g_lane[1].u_lane.u_acc_b.q[8]	12	0	12	0	0	0	0	0	0	0
169	g_lane[1].u_lane.u_acc_b.q[9]	12	0	12	0	0	0	0	0	0	0
170	g_lane[1].u_lane.u_acc_b.q[10]	12	0	12	0	0	0	0	0	0	0
171	g_lane[1].u_lane.u_acc_b.q[11]	12	0	12	0	0	0	0	0	0	0
172	g_lane[1].u_lane.u_acc_b.q[12]	12	0	12	0	0	0	0	0	0	0
173	g_lane[1].u_lane.u_acc_b.q[13]	12	0	12	0	0	0	0	0	0	0
174	g_lane[1].u_lane.u_acc_b.q[14]	12	0	12	0	0	0	0	0	0	0
175	g_lane[1].u_lane.u_acc_b.q[15]	12	0	12	0	0	0	0	0	0	0
176	g_lane[1].u_lane.u_acc_b.q[16]	12	0	12	0	0	0	0	0	0	0
177	g_lane[1].u_lane.u_acc_b.q[17]	12	0	12	0	0	0	0	0	0	0
178	g_lane[1].u_lane.u_acc_b.q[18]	12	0	12	0	0	0	0	0	0	0
179	g_lane[1].u_lane.u_acc_b.q[19]	12	0	12	0	0	0	0	0	0	0
180	g_lane[1].u_lane.u_acc_b.q[20]	12	0	12	0	0	0	0	0	0	0
181	g_lane[1].u_lane.u_acc_b.q[21]	12	0	12	0	0	0	0	0	0	0
182	g_lane[1].u_lane.u_acc_b.q[22]	12	0	12	0	0	0	0	0	0	0
183	g_lane[1].u_lane.u_acc_b.q[23]	12	0	12	0	0	0	0	0	0	0
184	g_lane[1].u_lane.u_acc_b.q[24]	12	0	12	0	0	0	0	0	0	0
185	g_lane[1].u_lane.u_acc_b.q[25]	12	0	12	0	0	0	0	0	0	0
186	g_lane[1].u_lane.u_acc_b.q[26]	12	1	11	0	0	0	0	0	0	0
187	g_lane[1].u_lane.u_acc_b.q[27]	12	0	12	0	0	0	0	0	0	0
188	g_lane[1].u_lane.u_acc_b.q[28]	12	0	12	0	0	0	0	0	0	0
189	g_lane[1].u_lane.u_acc_b.q[29]	12	0	12	0	0	0	0	0	0	0
190	g_lane[1].u_lane.u_acc_b.q[30]	12	0	12	0	0	0	0	0	0	0
191	g_lane[1].u_lane.u_acc_b.q[31]	12	0	12	0	0	0	0	0	0	0
192	g_lane[2].u_lane.u_acc_b.q[0]	12	0	12	0	0	0	0	0	0	0
193	g_lane[2].u_lane.u_acc_b.q[1]	12	0	12	0	0	0	0	0	0	0
194	g_lane[2].u_lane.u_acc_b.q[2]	12	0	12	0	0	0	0	0	0	0
195	g_lane[2].u_lane.u_acc_b.q[3]	12	0	12	0	0	0	0	0	0	0
196	g_lane[2].u_lane.u_acc_b.q[4]	12	0	12	0	0	0	0	0	0	0
197	g_lane[2].u_lane.u_acc_b.q[5]	12	0	12	0	0	0	0	0	0	0
198	g_lane[2].u_lane.u_acc_b.q[6]	12	0	12	0	0	0	0	0	0	0
199	g_lane[2].u_lane.u_acc_b.q[7]	12	0	12	0	0	0	0	0	0	0
200	g_lane[2].u_lane.u_acc_b.q[8]	12	0	12	0	0	0	0	0	0	0
201	g_lane[2].u_lane.u_acc_b.q[9]	12	0	12	0	0	0	0	0	0	0
202	g_lane[2].u_lane.u_acc_b.q[10]	12	0	12	0	0	0	0	0	0	0
203	g_lane[2].u_lane.u_acc_b.q[11]	12	0	12	0	0	0	0	0	0	0
204	g_lane[2].u_lane.u_acc_b.q[12]	12	0	12	0	0	0	0	0	0	0
205	g_lane[2].u_lane.u_acc_b.q[13]	12	0	12	0	0	0	0	0	0	0
206	g_lane[2].u_lane.u_acc_b.q[14]	12	0	12	0	0	0	0	0	0	0
207	g_lane[2].u_lane.u_acc_b.q[15]	12	0	12	0	0	0	0	0	0	0
208	g_lane[2].u_lane.u_acc_b.q[16]	12	0	12	0	0	0	0	0	0	0
209	g_lane[2].u_lane.u_acc_b.q[17]	12	0	12	0	0	0	0	0	0	0
210	g_lane[2].u_lane.u_acc_b.q[18]	12	0	12	0	0	0	0	0	0	0
211	g_lane[2].u_lane.u_acc_b.q[19]	12	0	12	0	0	0	0	0	0	0
212	g_lane[2].u_lane.u_acc_b.q[20]	12	0	12	0	0	0	0	0	0	0
213	g_lane[2].u_lane.u_acc_b.q[21]	12	0	12	0	0	0	0	0	0	0
214	g_lane[2].u_lane.u_acc_b.q[22]	12	0	12	0	0	0	0	0	0	0
215	g_lane[2].u_lane.u_acc_b.q[23]	12	0	12	0	0	0	0	0	0	0
216	g_lane[2].u_lane.u_acc_b.q[24]	12	0	12	0	0	0	0	0	0	0
217	g_lane[2].u_lane.u_acc_b.q[25]	12	0	12	0	0	0	0	0	0	0
218	g_lane[2].u_lane.u_acc_b.q[26]	12	0	12	0	0	0	0	0	0	0
219	g_lane[2].u_lane.u_acc_b.q[27]	12	0	12	0	0	0	0	0	0	0
220	g_lane[2].u_lane.u_acc_b.q[28]	12	0	12	0	0	0	0	0	0	0
221	g_lane[2].u_lane.u_acc_b.q[29]	12	0	12	0	0	0	0	0	0	0
222	g_lane[2].u_lane.u_acc_b.q[30]	12	0	12	0	0	0	0	0	0	0
223	g_lane[2].u_lane.u_acc_b.q[31]	12	0	12	0	0	0	0	0	0	0
224	g_lane[3].u_lane.u_acc_b.q[0]	12	0	12	0	0	0	0	0	0	0
225	g_lane[3].u_lane.u_acc_b.q[1]	12	0	12	0	0	0	0	0	0	0
226	g_lane[3].u_lane.u_acc_b.q[2]	12	0	12	0	0	0	0	0	0	0
227	g_lane[3].u_lane.u_acc_b.q[3]	12	0	12	0	0	0	0	0	0	0
228	g_lane[3].u_lane.u_acc_b.q[4]	12	0	12	0	0	0	0	0	0	0
229	g_lane[3].u_lane.u_acc_b.q[5]	12	0	12	0	0	0	0	0	0	0
230	g_lane[3].u_lane.u_acc_b.q[6]	12	0	12	0	0	0	0	0	0	0
231	g_lane[3].u_lane.u_acc_b.q[7]	12	0	12	0	0	0	0	0	0	0
232	g_lane[3].u_lane.u_acc_b.q[8]	12	0	12	0	0	0	0	0	0	0
233	g_lane[3].u_lane.u_acc_b.q[9]	12	0	12	0	0	0	0	0	0	0
234	g_lane[3].u_lane.u_acc_b.q[10]	12	0	12	0	0	0	0	0	0	0
235	g_lane[3].u_lane.u_acc_b.q[11]	12	0	12	0	0	0	0	0	0	0
236	g_lane[3].u_lane.u_acc_b.q[12]	12	0	12	0	0	0	0	0	0	0
237	g_lane[3].u_lane.u_acc_b.q[13]	12	0	12	0	0	0	0	0	0	0
238	g_lane[3].u_lane.u_acc_b.q[14]	12	0	12	0	0	0	0	0	0	0
239	g_lane[3].u_lane.u_acc_b.q[15]	12	0	12	0	0	0	0	0	0	0
240	g_lane[3].u_lane.u_acc_b.q[16]	12	0	12	0	0	0	0	0	0	0
241	g_lane[3].u_lane.u_acc_b.q[17]	12	0	12	0	0	0	0	0	0	0
242	g_lane[3].u_lane.u_acc_b.q[18]	12	0	12	0	0	0	0	0	0	0
243	g_lane[3].u_lane.u_acc_b.q[19]	12	0	12	0	0	0	0	0	0	0
244	g_lane[3].u_lane.u_acc_b.q[20]	12	0	12	0	0	0	0	0	0	0
245	g_lane[3].u_lane.u_acc_b.q[21]	12	0	12	0	0	0	0	0	0	0
246	g_lane[3].u_lane.u_acc_b.q[22]	12	0	12	0	0	0	0	0	0	0
247	g_lane[3].u_lane.u_acc_b.q[23]	12	0	12	0	0	0	0	0	0	0
248	g_lane[3].u_lane.u_acc_b.q[24]	12	0	12	0	0	0	0	0	0	0
249	g_lane[3].u_lane.u_acc_b.q[25]	12	0	12	0	0	0	0	0	0	0
250	g_lane[3].u_lane.u_acc_b.q[26]	12	0	12	0	0	0	0	0	0	0
251	g_lane[3].u_lane.u_acc_b.q[27]	12	0	12	0	0	0	0	0	0	0
252	g_lane[3].u_lane.u_acc_b.q[28]	12	0	12	0	0	0	0	0	0	0
253	g_lane[3].u_lane.u_acc_b.q[29]	12	0	12	0	0	0	0	0	0	0
254	g_lane[3].u_lane.u_acc_b.q[30]	12	0	12	0	0	0	0	0	0	0
255	g_lane[3].u_lane.u_acc_b.q[31]	12	0	12	0	0	0	0	0	0	0
256	g_lane[0].u_lane.u_res_a.q[0]	12	0	12	0	0	0	0	0	0	0
257	g_lane[0].u_lane.u_res_a.q[1]	12	0	12	0	0	0	0	0	0	0
258	g_lane[0].u_lane.u_res_a.q[2]	12	0	12	0	0	0	0	0	0	0
259	g_lane[0].u_lane.u_res_a.q[3]	12	0	12	0	0	0	0	0	0	0
260	g_lane[0].u_lane.u_res_a.q[4]	12	0	12	0	0	0	0	0	0	0
261	g_lane[0].u_lane.u_res_a.q[5]	12	0	12	0	0	0	0	0	0	0
262	g_lane[0].u_lane.u_res_a.q[6]	12	0	12	0	0	0	0	0	0	0
263	g_lane[0].u_lane.u_res_a.q[7]	12	0	12	0	0	0	0	0	0	0
264	g_lane[0].u_lane.u_res_a.q[8]	12	0	12	0	0	0	0	0	0	0
265	g_lane[0].u_lane.u_res_a.q[9]	12	0	12	0	0	0	0	0	0	0
266	g_lane[0].u_lane.u_res_a.q[10]	12	0	12	0	0	0	0	0	0	0
267	g_lane[0].u_lane.u_res_a.q[11]	12	0	12	0	0	0	0	0	0	0
268	g_lane[0].u_lane.u_res_a.q[12]	12	0	12	0	0	0	0	0	0	0
269	g_lane[0].u_lane.u_res_a.q[13]	12	0	12	0	0	0	0	0	0	0
270	g_lane[0].u_lane.u_res_a.q[14]	12	0	12	0	0	0	0	0	0	0
271	g_lane[0].u_lane.u_res_a.q[15]	12	0	12	0	0	0	0	0	0	0
272	g_lane[0].u_lane.u_res_a.q[16]	12	0	12	0	0	0	0	0	0	0
273	g_lane[0].u_lane.u_res_a.q[17]	12	0	12	0	0	0	0	0	0	0
274	g_lane[0].u_lane.u_res_a.q[18]	12	0	12	0	0	0	0	0	0	0
275	g_lane[0].u_lane.u_res_a.q[19]	12	0	12	0	0	0	0	0	0	0
276	g_lane[0].u_lane.u_res_a.q[20]	12	0	12	0	0	0	0	0	0	0
277	g_lane[0].u_lane.u_res_a.q[21]	12	0	12	0	0	0	0	0	0	0
278	g_lane[0].u_lane.u_res_a.q[22]	12	0	12	0	0	0	0	0	0	0
279	g_lane[0].u_lane.u_res_a.q[23]	12	0	12	0	0	0	0	0	0	0
280	g_lane[0].u_lane.u_res_a.q[24]	12	0	12	0	0	0	0	0	0	0
281	g_lane[0].u_lane.u_res_a.q[25]	12	0	12	0	0	0	0	0	0	0
282	g_lane[0].u_lane.u_res_a.q[26]	12	0	12	0	0	0	0	0	0	0
283	g_lane[0].u_lane.u_res_a.q[27]	12	0	12	0	0	0	0	0	0	0
284	g_lane[0].u_lane.u_res_a.q[28]	12	0	12	0	0	0	0	0	0	0
285	g_lane[0].u_lane.u_res_a.q[29]	12	0	12	0	0	0	0	0	0	0
286	g_lane[0].u_lane.u_res_a.q[30]	12	0	12	0	0	0	0	0	0	0
287	g_lane[0].u_lane.u_res_a.q[31]	12	0	12	0	0	0	0	0	0	0
288	g_lane[1].u_lane.u_res_a.q[0]	12	0	12	0	0	0	0	0	0	0
289	g_lane[1].u_lane.u_res_a.q[1]	12	0	12	0	0	0	0	0	0	0
290	g_lane[1].u_lane.u_res_a.q[2]	12	0	12	0	0	0	0	0	0	0
291	g_lane[1].u_lane.u_res_a.q[3]	12	0	12	0	0	0	0	0	0	0
292	g_lane[1].u_lane.u_res_a.q[4]	12	0	12	0	0	0	0	0	0	0
293	g_lane[1].u_lane.u_res_a.q[5]	12	0	12	0	0	0	0	0	0	0
294	g_lane[1].u_lane.u_res_a.q[6]	12	0	12	0	0	0	0	0	0	0
295	g_lane[1].u_lane.u_res_a.q[7]	12	0	12	0	0	0	0	0	0	0
296	g_lane[1].u_lane.u_res_a.q[8]	12	0	12	0	0	0	0	0	0	0
297	g_lane[1].u_lane.u_res_a.q[9]	12	0	12	0	0	0	0	0	0	0
298	g_lane[1].u_lane.u_res_a.q[10]	12	0	12	0	0	0	0	0	0	0
299	g_lane[1].u_lane.u_res_a.q[11]	12	0	12	0	0	0	0	0	0	0
300	g_lane[1].u_lane.u_res_a.q[12]	12	0	12	0	0	0	0	0	0	0
301	g_lane[1].u_lane.u_res_a.q[13]	12	0	12	0	0	0	0	0	0	0
302	g_lane[1].u_lane.u_res_a.q[14]	12	0	12	0	0	0	0	0	0	0
303	g_lane[1].u_lane.u_res_a.q[15]	12	0	12	0	0	0	0	0	0	0
304	g_lane[1].u_lane.u_res_a.q[16]	12	0	12	0	0	0	0	0	0	0
305	g_lane[1].u_lane.u_res_a.q[17]	12	0	12	0	0	0	0	0	0	0
306	g_lane[1].u_lane.u_res_a.q[18]	12	0	12	0	0	0	0	0	0	0
307	g_lane[1].u_lane.u_res_a.q[19]	12	0	12	0	0	0	0	0	0	0
308	g_lane[1].u_lane.u_res_a.q[20]	12	0	12	0	0	0	0	0	0	0
309	g_lane[1].u_lane.u_res_a.q[21]	12	0	12	0	0	0	0	0	0	0
310	g_lane[1].u_lane.u_res_a.q[22]	12	0	12	0	0	0	0	0	0	0
311	g_lane[1].u_lane.u_res_a.q[23]	12	0	12	0	0	0	0	0	0	0
312	g_lane[1].u_lane.u_res_a.q[24]	12	0	12	0	0	0	0	0	0	0
313	g_lane[1].u_lane.u_res_a.q[25]	12	0	12	0	0	0	0	0	0	0
314	g_lane[1].u_lane.u_res_a.q[26]	12	0	12	0	0	0	0	0	0	0
315	g_lane[1].u_lane.u_res_a.q[27]	12	0	12	0	0	0	0	0	0	0
316	g_lane[1].u_lane.u_res_a.q[28]	12	0	12	0	0	0	0	0	0	0
317	g_lane[1].u_lane.u_res_a.q[29]	12	0	12	0	0	0	0	0	0	0
318	g_lane[1].u_lane.u_res_a.q[30]	12	0	11	0	1	0	0	0	0	0
319	g_lane[1].u_lane.u_res_a.q[31]	12	0	12	0	0	0	0	0	0	0
320	g_lane[2].u_lane.u_res_a.q[0]	12	0	12	0	0	0	0	0	0	0
321	g_lane[2].u_lane.u_res_a.q[1]	12	0	12	0	0	0	0	0	0	0
322	g_lane[2].u_lane.u_res_a.q[2]	12	0	12	0	0	0	0	0	0	0
323	g_lane[2].u_lane.u_res_a.q[3]	12	0	12	0	0	0	0	0	0	0
324	g_lane[2].u_lane.u_res_a.q[4]	12	0	12	0	0	0	0	0	0	0
325	g_lane[2].u_lane.u_res_a.q[5]	12	0	12	0	0	0	0	0	0	0
326	g_lane[2].u_lane.u_res_a.q[6]	12	0	12	0	0	0	0	0	0	0
327	g_lane[2].u_lane.u_res_a.q[7]	12	0	12	0	0	0	0	0	0	0
328	g_lane[2].u_lane.u_res_a.q[8]	12	0	12	0	0	0	0	0	0	0
329	g_lane[2].u_lane.u_res_a.q[9]	12	0	12	0	0	0	0	0	0	0
330	g_lane[2].u_lane.u_res_a.q[10]	12	0	12	0	0	0	0	0	0	0
331	g_lane[2].u_lane.u_res_a.q[11]	12	0	12	0	0	0	0	0	0	0
332	g_lane[2].u_lane.u_res_a.q[12]	12	0	12	0	0	0	0	0	0	0
333	g_lane[2].u_lane.u_res_a.q[13]	12	0	12	0	0	0	0	0	0	0
334	g_lane[2].u_lane.u_res_a.q[14]	12	0	12	0	0	0	0	0	0	0
335	g_lane[2].u_lane.u_res_a.q[15]	12	0	12	0	0	0	0	0	0	0
336	g_lane[2].u_lane.u_res_a.q[16]	12	0	12	0	0	0	0	0	0	0
337	g_lane[2].u_lane.u_res_a.q[17]	12	1	11	0	0	0	0	0	0	0
338	g_lane[2].u_lane.u_res_a.q[18]	12	0	12	0	0	0	0	0	0	0
339	g_lane[2].u_lane.u_res_a.q[19]	12	0	12	0	0	0	0	0	0	0
340	g_lane[2].u_lane.u_res_a.q[20]	12	0	12	0	0	0	0	0	0	0
341	g_lane[2].u_lane.u_res_a.q[21]	12	0	12	0	0	0	0	0	0	0
342	g_lane[2].u_lane.u_res_a.q[22]	12	0	12	0	0	0	0	0	0	0
343	g_lane[2].u_lane.u_res_a.q[23]	12	0	12	0	0	0	0	0	0	0
344	g_lane[2].u_lane.u_res_a.q[24]	12	0	12	0	0	0	0	0	0	0
345	g_lane[2].u_lane.u_res_a.q[25]	12	0	12	0	0	0	0	0	0	0
346	g_lane[2].u_lane.u_res_a.q[26]	12	0	12	0	0	0	0	0	0	0
347	g_lane[2].u_lane.u_res_a.q[27]	12	0	12	0	0	0	0	0	0	0
348	g_lane[2].u_lane.u_res_a.q[28]	12	0	12	0	0	0	0	0	0	0
349	g_lane[2].u_lane.u_res_a.q[29]	12	0	12	0	0	0	0	0	0	0
350	g_lane[2].u_lane.u_res_a.q[30]	12	0	12	0	0	0	0	0	0	0
351	g_lane[2].u_lane.u_res_a.q[31]	12	0	12	0	0	0	0	0	0	0
352	g_lane[3].u_lane.u_res_a.q[0]	12	0	12	0	0	0	0	0	0	0
353	g_lane[3].u_lane.u_res_a.q[1]	12	0	12	0	0	0	0	0	0	0
354	g_lane[3].u_lane.u_res_a.q[2]	12	0	12	0	0	0	0	0	0	0
355	g_lane[3].u_lane.u_res_a.q[3]	12	0	12	0	0	0	0	0	0	0
356	g_lane[3].u_lane.u_res_a.q[4]	12	0	12	0	0	0	0	0	0	0
357	g_lane[3].u_lane.u_res_a.q[5]	12	0	12	0	0	0	0	0	0	0
358	g_lane[3].u_lane.u_res_a.q[6]	12	0	12	0	0	0	0	0	0	0
359	g_lane[3].u_lane.u_res_a.q[7]	12	0	12	0	0	0	0	0	0	0
360	g_lane[3].u_lane.u_res_a.q[8]	12	0	12	0	0	0	0	0	0	0
361	g_lane[3].u_lane.u_res_a.q[9]	12	0	12	0	0	0	0	0	0	0
362	g_lane[3].u_lane.u_res_a.q[10]	12	0	12	0	0	0	0	0	0	0
363	g_lane[3].u_lane.u_res_a.q[11]	12	0	12	0	0	0	0	0	0	0
364	g_lane[3].u_lane.u_res_a.q[12]	12	1	11	0	0	0	0	0	0	0
365	g_lane[3].u_lane.u_res_a.q[13]	12	0	12	0	0	0	0	0	0	0
366	g_lane[3].u_lane.u_res_a.q[14]	12	0	12	0	0	0	0	0	0	0
367	g_lane[3].u_lane.u_res_a.q[15]	12	0	12	0	0	0	0	0	0	0
368	g_lane[3].u_lane.u_res_a.q[16]	12	0	12	0	0	0	0	0	0	0
369	g_lane[3].u_lane.u_res_a.q[17]	12	0	12	0	0	0	0	0	0	0
370	g_lane[3].u_lane.u_res_a.q[18]	12	0	12	0	0	0	0	0	0	0
371	g_lane[3].u_lane.u_res_a.q[19]	12	0	12	0	0	0	0	0	0	0
372	g_lane[3].u_lane.u_res_a.q[20]	12	0	12	0	0	0	0	0	0	0
373	g_lane[3].u_lane.u_res_a.q[21]	12	0	12	0	0	0	0	0	0	0
374	g_lane[3].u_lane.u_res_a.q[22]	12	0	12	0	0	0	0	0	0	0
375	g_lane[3].u_lane.u_res_a.q[23]	12	0	12	0	0	0	0	0	0	0
376	g_lane[3].u_lane.u_res_a.q[24]	12	0	12	0	0	0	0	0	0	0
377	g_lane[3].u_lane.u_res_a.q[25]	12	0	12	0	0	0	0	0	0	0
378	g_lane[3].u_lane.u_res_a.q[26]	12	0	12	0	0	0	0	0	0	0
379	g_lane[3].u_lane.u_res_a.q[27]	12	0	12	0	0	0	0	0	0	0
380	g_lane[3].u_lane.u_res_a.q[28]	12	0	12	0	0	0	0	0	0	0
381	g_lane[3].u_lane.u_res_a.q[29]	12	0	12	0	0	0	0	0	0	0
382	g_lane[3].u_lane.u_res_a.q[30]	12	0	12	0	0	0	0	0	0	0
383	g_lane[3].u_lane.u_res_a.q[31]	12	0	12	0	0	0	0	0	0	0
384	g_lane[0].u_lane.u_res_b.q[0]	12	0	12	0	0	0	0	0	0	0
385	g_lane[0].u_lane.u_res_b.q[1]	12	0	12	0	0	0	0	0	0	0
386	g_lane[0].u_lane.u_res_b.q[2]	12	0	12	0	0	0	0	0	0	0
387	g_lane[0].u_lane.u_res_b.q[3]	12	0	12	0	0	0	0	0	0	0
388	g_lane[0].u_lane.u_res_b.q[4]	12	0	12	0	0	0	0	0	0	0
389	g_lane[0].u_lane.u_res_b.q[5]	12	0	12	0	0	0	0	0	0	0
390	g_lane[0].u_lane.u_res_b.q[6]	12	0	12	0	0	0	0	0	0	0
391	g_lane[0].u_lane.u_res_b.q[7]	12	0	12	0	0	0	0	0	0	0
392	g_lane[0].u_lane.u_res_b.q[8]	12	0	12	0	0	0	0	0	0	0
393	g_lane[0].u_lane.u_res_b.q[9]	12	0	12	0	0	0	0	0	0	0
394	g_lane[0].u_lane.u_res_b.q[10]	12	0	12	0	0	0	0	0	0	0
395	g_lane[0].u_lane.u_res_b.q[11]	12	0	12	0	0	0	0	0	0	0
396	g_lane[0].u_lane.u_res_b.q[12]	12	0	12	0	0	0	0	0	0	0
397	g_lane[0].u_lane.u_res_b.q[13]	12	0	12	0	0	0	0	0	0	0
398	g_lane[0].u_lane.u_res_b.q[14]	12	0	12	0	0	0	0	0	0	0
399	g_lane[0].u_lane.u_res_b.q[15]	12	0	12	0	0	0	0	0	0	0
400	g_lane[0].u_lane.u_res_b.q[16]	12	0	12	0	0	0	0	0	0	0
401	g_lane[0].u_lane.u_res_b.q[17]	12	0	12	0	0	0	0	0	0	0
402	g_lane[0].u_lane.u_res_b.q[18]	12	0	12	0	0	0	0	0	0	0
403	g_lane[0].u_lane.u_res_b.q[19]	12	0	12	0	0	0	0	0	0	0
404	g_lane[0].u_lane.u_res_b.q[20]	12	0	12	0	0	0	0	0	0	0
405	g_lane[0].u_lane.u_res_b.q[21]	12	0	12	0	0	0	0	0	0	0
406	g_lane[0].u_lane.u_res_b.q[22]	12	0	12	0	0	0	0	0	0	0
407	g_lane[0].u_lane.u_res_b.q[23]	12	0	12	0	0	0	0	0	0	0
408	g_lane[0].u_lane.u_res_b.q[24]	12	0	12	0	0	0	0	0	0	0
409	g_lane[0].u_lane.u_res_b.q[25]	12	0	12	0	0	0	0	0	0	0
410	g_lane[0].u_lane.u_res_b.q[26]	12	0	12	0	0	0	0	0	0	0
411	g_lane[0].u_lane.u_res_b.q[27]	12	0	12	0	0	0	0	0	0	0
412	g_lane[0].u_lane.u_res_b.q[28]	12	0	12	0	0	0	0	0	0	0
413	g_lane[0].u_lane.u_res_b.q[29]	12	0	12	0	0	0	0	0	0	0
414	g_lane[0].u_lane.u_res_b.q[30]	12	0	12	0	0	0	0	0	0	0
415	g_lane[0].u_lane.u_res_b.q[31]	12	0	12	0	0	0	0	0	0	0
416	g_lane[1].u_lane.u_res_b.q[0]	12	0	12	0	0	0	0	0	0	0
417	g_lane[1].u_lane.u_res_b.q[1]	12	0	12	0	0	0	0	0	0	0
418	g_lane[1].u_lane.u_res_b.q[2]	12	1	11	0	0	0	0	0	0	0
419	g_lane[1].u_lane.u_res_b.q[3]	12	0	12	0	0	0	0	0	0	0
420	g_lane[1].u_lane.u_res_b.q[4]	12	0	12	0	0	0	0	0	0	0
421	g_lane[1].u_lane.u_res_b.q[5]	12	0	12	0	0	0	0	0	0	0
422	g_lane[1].u_lane.u_res_b.q[6]	12	0	12	0	0	0	0	0	0	0
423	g_lane[1].u_lane.u_res_b.q[7]	12	0	12	0	0	0	0	0	0	0
424	g_lane[1].u_lane.u_res_b.q[8]	12	0	12	0	0	0	0	0	0	0
425	g_lane[1].u_lane.u_res_b.q[9]	12	0	12	0	0	0	0	0	0	0
426	g_lane[1].u_lane.u_res_b.q[10]	12	0	12	0	0	0	0	0	0	0
427	g_lane[1].u_lane.u_res_b.q[11]	12	0	12	0	0	0	0	0	0	0
428	g_lane[1].u_lane.u_res_b.q[12]	12	0	12	0	0	0	0	0	0	0
429	g_lane[1].u_lane.u_res_b.q[13]	12	0	12	0	0	0	0	0	0	0
430	g_lane[1].u_lane.u_res_b.q[14]	12	0	12	0	0	0	0	0	0	0
431	g_lane[1].u_lane.u_res_b.q[15]	12	0	12	0	0	0	0	0	0	0
432	g_lane[1].u_lane.u_res_b.q[16]	12	0	12	0	0	0	0	0	0	0
433	g_lane[1].u_lane.u_res_b.q[17]	12	0	12	0	0	0	0	0	0	0
434	g_lane[1].u_lane.u_res_b.q[18]	12	0	12	0	0	0	0	0	0	0
435	g_lane[1].u_lane.u_res_b.q[19]	12	0	12	0	0	0	0	0	0	0
436	g_lane[1].u_lane.u_res_b.q[20]	12	1	11	0	0	0	0	0	0	0
437	g_lane[1].u_lane.u_res_b.q[21]	12	0	12	0	0	0	0	0	0	0
438	g_lane[1].u_lane.u_res_b.q[22]	12	0	12	0	0	0	0	0	0	0
439	g_lane[1].u_lane.u_res_b.q[23]	12	0	12	0	0	0	0	0	0	0
440	g_lane[1].u_lane.u_res_b.q[24]	12	0	12	0	0	0	0	0	0	0
441	g_lane[1].u_lane.u_res_b.q[25]	12	0	12	0	0	0	0	0	0	0
442	g_lane[1].u_lane.u_res_b.q[26]	12	0	12	0	0	0	0	0	0	0
443	g_lane[1].u_lane.u_res_b.q[27]	12	0	12	0	0	0	0	0	0	0
444	g_lane[1].u_lane.u_res_b.q[28]	12	0	12	0	0	0	0	0	0	0
445	g_lane[1].u_lane.u_res_b.q[29]	12	0	12	0	0	0	0	0	0	0
446	g_lane[1].u_lane.u_res_b.q[30]	12	0	12	0	0	0	0	0	0	0
447	g_lane[1].u_lane.u_res_b.q[31]	12	0	12	0	0	0	0	0	0	0
448	g_lane[2].u_lane.u_res_b.q[0]	12	0	12	0	0	0	0	0	0	0
449	g_lane[2].u_lane.u_res_b.q[1]	12	0	12	0	0	0	0	0	0	0
450	g_lane[2].u_lane.u_res_b.q[2]	12	0	12	0	0	0	0	0	0	0
451	g_lane[2].u_lane.u_res_b.q[3]	12	0	12	0	0	0	0	0	0	0
452	g_lane[2].u_lane.u_res_b.q[4]	12	0	12	0	0	0	0	0	0	0
453	g_lane[2].u_lane.u_res_b.q[5]	12	0	12	0	0	0	0	0	0	0
454	g_lane[2].u_lane.u_res_b.q[6]	12	0	12	0	0	0	0	0	0	0
455	g_lane[2].u_lane.u_res_b.q[7]	12	0	12	0	0	0	0	0	0	0
456	g_lane[2].u_lane.u_res_b.q[8]	12	0	12	0	0	0	0	0	0	0
457	g_lane[2].u_lane.u_res_b.q[9]	12	0	12	0	0	0	0	0	0	0
458	g_lane[2].u_lane.u_res_b.q[10]	12	0	12	0	0	0	0	0	0	0
459	g_lane[2].u_lane.u_res_b.q[11]	12	0	12	0	0	0	0	0	0	0
460	g_lane[2].u_lane.u_res_b.q[12]	12	0	12	0	0	0	0	0	0	0
461	g_lane[2].u_lane.u_res_b.q[13]	12	0	12	0	0	0	0	0	0	0
462	g_lane[2].u_lane.u_res_b.q[14]	12	0	12	0	0	0	0	0	0	0
463	g_lane[2].u_lane.u_res_b.q[15]	12	0	12	0	0	0	0	0	0	0
464	g_lane[2].u_lane.u_res_b.q[16]	12	0	12	0	0	0	0	0	0	0
465	g_lane[2].u_lane.u_res_b.q[17]	12	0	12	0	0	0	0	0	0	0
466	g_lane[2].u_lane.u_res_b.q[18]	12	0	12	0	0	0	0	0	0	0
467	g_lane[2].u_lane.u_res_b.q[19]	12	0	12	0	0	0	0	0	0	0
468	g_lane[2].u_lane.u_res_b.q[20]	12	0	12	0	0	0	0	0	0	0
469	g_lane[2].u_lane.u_res_b.q[21]	12	0	12	0	0	0	0	0	0	0
470	g_lane[2].u_lane.u_res_b.q[22]	12	0	12	0	0	0	0	0	0	0
471	g_lane[2].u_lane.u_res_b.q[23]	12	0	12	0	0	0	0	0	0	0
472	g_lane[2].u_lane.u_res_b.q[24]	12	0	12	0	0	0	0	0	0	0
473	g_lane[2].u_lane.u_res_b.q[25]	12	0	12	0	0	0	0	0	0	0
474	g_lane[2].u_lane.u_res_b.q[26]	12	0	12	0	0	0	0	0	0	0
475	g_lane[2].u_lane.u_res_b.q[27]	12	0	12	0	0	0	0	0	0	0
476	g_lane[2].u_lane.u_res_b.q[28]	12	0	12	0	0	0	0	0	0	0
477	g_lane[2].u_lane.u_res_b.q[29]	12	0	12	0	0	0	0	0	0	0
478	g_lane[2].u_lane.u_res_b.q[30]	12	0	12	0	0	0	0	0	0	0
479	g_lane[2].u_lane.u_res_b.q[31]	12	0	12	0	0	0	0	0	0	0
480	g_lane[3].u_lane.u_res_b.q[0]	12	0	12	0	0	0	0	0	0	0
481	g_lane[3].u_lane.u_res_b.q[1]	12	0	12	0	0	0	0	0	0	0
482	g_lane[3].u_lane.u_res_b.q[2]	12	0	12	0	0	0	0	0	0	0
483	g_lane[3].u_lane.u_res_b.q[3]	12	0	12	0	0	0	0	0	0	0
484	g_lane[3].u_lane.u_res_b.q[4]	12	0	12	0	0	0	0	0	0	0
485	g_lane[3].u_lane.u_res_b.q[5]	12	0	12	0	0	0	0	0	0	0
486	g_lane[3].u_lane.u_res_b.q[6]	12	0	12	0	0	0	0	0	0	0
487	g_lane[3].u_lane.u_res_b.q[7]	12	0	12	0	0	0	0	0	0	0
488	g_lane[3].u_lane.u_res_b.q[8]	12	0	12	0	0	0	0	0	0	0
489	g_lane[3].u_lane.u_res_b.q[9]	12	0	12	0	0	0	0	0	0	0
490	g_lane[3].u_lane.u_res_b.q[10]	12	0	12	0	0	0	0	0	0	0
491	g_lane[3].u_lane.u_res_b.q[11]	12	0	12	0	0	0	0	0	0	0
492	g_lane[3].u_lane.u_res_b.q[12]	12	0	12	0	0	0	0	0	0	0
493	g_lane[3].u_lane.u_res_b.q[13]	12	0	12	0	0	0	0	0	0	0
494	g_lane[3].u_lane.u_res_b.q[14]	12	0	12	0	0	0	0	0	0	0
495	g_lane[3].u_lane.u_res_b.q[15]	12	0	12	0	0	0	0	0	0	0
496	g_lane[3].u_lane.u_res_b.q[16]	12	0	12	0	0	0	0	0	0	0
497	g_lane[3].u_lane.u_res_b.q[17]	12	0	12	0	0	0	0	0	0	0
498	g_lane[3].u_lane.u_res_b.q[18]	12	0	12	0	0	0	0	0	0	0
499	g_lane[3].u_lane.u_res_b.q[19]	12	0	12	0	0	0	0	0	0	0
500	g_lane[3].u_lane.u_res_b.q[20]	12	0	12	0	0	0	0	0	0	0
501	g_lane[3].u_lane.u_res_b.q[21]	12	0	12	0	0	0	0	0	0	0
502	g_lane[3].u_lane.u_res_b.q[22]	12	0	12	0	0	0	0	0	0	0
503	g_lane[3].u_lane.u_res_b.q[23]	12	0	12	0	0	0	0	0	0	0
504	g_lane[3].u_lane.u_res_b.q[24]	12	0	12	0	0	0	0	0	0	0
505	g_lane[3].u_lane.u_res_b.q[25]	12	0	12	0	0	0	0	0	0	0
506	g_lane[3].u_lane.u_res_b.q[26]	12	0	12	0	0	0	0	0	0	0
507	g_lane[3].u_lane.u_res_b.q[27]	12	0	12	0	0	0	0	0	0	0
508	g_lane[3].u_lane.u_res_b.q[28]	12	0	12	0	0	0	0	0	0	0
509	g_lane[3].u_lane.u_res_b.q[29]	12	0	12	0	0	0	0	0	0	0
510	g_lane[3].u_lane.u_res_b.q[30]	12	0	12	0	0	0	0	0	0	0
511	g_lane[3].u_lane.u_res_b.q[31]	12	0	12	0	0	0	0	0	0	0
512	u_thermal.u_copy0.q[0]	12	0	0	12	0	0	0	0	0	0
513	u_thermal.u_copy0.q[1]	12	0	0	12	0	0	0	0	0	0
514	u_thermal.u_copy1.q[0]	12	0	0	12	0	0	0	0	0	0
515	u_thermal.u_copy1.q[1]	12	0	0	12	0	0	0	0	0	0
516	u_thermal.u_copy2.q[0]	12	0	0	12	0	0	0	0	0	0
517	u_thermal.u_copy2.q[1]	12	0	0	12	0	0	0	0	0	0
518	u_thermal.phase	200	156	0	0	44	0	0	0	0	0
519	out_valid_q	200	0	0	0	0	0	38	162	0	0
520	fault_q	200	0	200	0	0	0	0	0	0	0
