cycle,sample_time_ns,in_valid,in_ready,in_fire,lane1 u_acc_a.q,lane1 u_acc_b.q,lane1 u_res_a.q,lane1 u_res_b.q,lane_mismatch,mismatch,fault (fault_q),out_valid_q,out_valid,out_ready,out_fire,out_data lane1,clear_fault
0,4.0,0,x,0,x,x,x,x,x,x,x,x,x,1,x,x,0
1,14.0,0,0,0,0,0,0,0,0000,0,0,0,0,1,0,0,0
2,24.0,0,0,0,0,0,0,0,0000,0,0,0,0,1,0,0,0
3,34.0,0,0,0,0,0,0,0,0000,0,0,0,0,1,0,0,0
4,44.0,0,0,0,0,0,0,0,0000,0,0,0,0,1,0,0,0
5,54.0,1,1,1,0,0,0,0,0000,0,0,0,0,0,0,0,0
6,64.0,1,1,1,20,20,0,0,0000,0,0,0,0,0,0,0,0
7,74.0,0,0,0,24,24,24,24,0000,0,0,1,1,0,0,24,0
8,84.0,1,0,0,24,16,24,24,0010,1,0,1,0,1,0,24,0
9,94.0,1,0,0,24,16,24,24,0010,1,1,1,0,1,0,24,0
10,104.0,1,0,0,24,16,24,24,0010,1,1,1,0,1,0,24,0
11,114.0,1,0,0,24,16,24,24,0010,1,1,1,0,1,0,24,0
12,124.0,1,0,0,24,16,24,24,0010,1,1,1,0,1,0,24,0
13,134.0,1,0,0,24,16,24,24,0010,1,1,1,0,1,0,24,0
14,144.0,1,0,0,24,24,24,24,0000,0,1,1,0,1,0,24,0
15,154.0,1,0,0,24,24,24,24,0000,0,1,1,0,1,0,24,0
16,164.0,1,0,0,24,24,24,24,0000,0,1,1,0,1,0,24,0
17,174.0,1,0,0,24,24,24,24,0000,0,1,1,0,1,0,24,0
18,184.0,1,0,0,24,24,24,24,0000,0,1,1,0,1,0,24,0
19,194.0,1,0,0,24,24,24,24,0000,0,1,1,0,1,0,24,1
20,204.0,1,1,1,0,0,0,0,0000,0,0,0,0,1,0,0,0
21,214.0,0,1,0,-16256,-16256,-16256,-16256,0000,0,0,1,1,1,1,-16256,0
22,224.0,0,1,0,-16256,-16256,-16256,-16256,0000,0,0,0,0,1,0,-16256,0
23,234.0,0,1,0,-16256,-16256,-16256,-16256,0000,0,0,0,0,1,0,-16256,0
24,244.0,0,1,0,-16256,-16256,-16256,-16256,0000,0,0,0,0,1,0,-16256,0
