cycle,sample_time_ns,rst_n,therm_state,in_valid,in_ready,in_first,in_last,in_a [l0..l3],in_b [l0..l3],lane0 u_acc_a.q,lane1 u_acc_a.q,lane2 u_acc_a.q,lane3 u_acc_a.q,out_valid,out_ready,out_data lane0,out_data lane1,out_data lane2,out_data lane3,fault
0,4.0,0,x,0,x,0,0,"0,0,0,0","0,0,0,0",x,x,x,x,x,1,x,x,x,x,x
1,14.0,0,STOP,0,0,0,0,"0,0,0,0","0,0,0,0",0,0,0,0,0,1,0 (0x00000000),0 (0x00000000),0 (0x00000000),0 (0x00000000),0
2,24.0,0,STOP,0,0,0,0,"0,0,0,0","0,0,0,0",0,0,0,0,0,1,0 (0x00000000),0 (0x00000000),0 (0x00000000),0 (0x00000000),0
3,34.0,0,STOP,0,0,0,0,"0,0,0,0","0,0,0,0",0,0,0,0,0,1,0 (0x00000000),0 (0x00000000),0 (0x00000000),0 (0x00000000),0
4,44.0,1,STOP,0,0,0,0,"0,0,0,0","0,0,0,0",0,0,0,0,0,1,0 (0x00000000),0 (0x00000000),0 (0x00000000),0 (0x00000000),0
5,54.0,1,NORMAL,1,1,1,0,"-128,127,-128,-1","-128,-128,127,-1",0,0,0,0,0,1,0 (0x00000000),0 (0x00000000),0 (0x00000000),0 (0x00000000),0
6,64.0,1,NORMAL,1,1,0,0,"-128,127,-128,100","-128,-128,-128,-3",16384,-16256,-16256,1,0,1,0 (0x00000000),0 (0x00000000),0 (0x00000000),0 (0x00000000),0
7,74.0,1,NORMAL,1,1,0,1,"-128,127,127,0","-128,-128,127,-128",32768,-32512,128,-299,0,1,0 (0x00000000),0 (0x00000000),0 (0x00000000),0 (0x00000000),0
8,84.0,1,NORMAL,0,1,0,0,"-128,127,127,0","-128,-128,127,-128",49152,-48768,16257,-299,1,1,49152 (0x0000C000),-48768 (0xFFFF4180),16257 (0x00003F81),-299 (0xFFFFFED5),0
9,94.0,1,NORMAL,0,1,0,0,"-128,127,127,0","-128,-128,127,-128",49152,-48768,16257,-299,0,1,49152 (0x0000C000),-48768 (0xFFFF4180),16257 (0x00003F81),-299 (0xFFFFFED5),0
10,104.0,1,NORMAL,0,1,0,0,"-128,127,127,0","-128,-128,127,-128",49152,-48768,16257,-299,0,1,49152 (0x0000C000),-48768 (0xFFFF4180),16257 (0x00003F81),-299 (0xFFFFFED5),0
11,114.0,1,NORMAL,0,1,0,0,"-128,127,127,0","-128,-128,127,-128",49152,-48768,16257,-299,0,1,49152 (0x0000C000),-48768 (0xFFFF4180),16257 (0x00003F81),-299 (0xFFFFFED5),0
