cycle,sample_time_ns,temp_c (C),temp_valid,therm_state,shutdown_req,u_thermal.phase,in_valid,in_ready,u_copy0.q,u_copy1.q,u_copy2.q,therm_repair
0,4.0,60,1,x,x,x,0,x,x,x,x,x
1,14.0,60,1,STOP,1,0,0,0,10,10,10,0
2,24.0,60,1,STOP,1,0,0,0,10,10,10,0
3,34.0,60,1,STOP,1,0,0,0,10,10,10,0
4,44.0,60,1,STOP,1,0,0,0,10,10,10,0
5,54.0,60,1,NORMAL,0,0,1,1,00,00,00,0
6,64.0,60,1,NORMAL,0,0,1,1,00,00,00,0
7,74.0,60,1,NORMAL,0,0,1,1,00,00,00,0
8,84.0,60,1,NORMAL,0,0,1,1,00,00,00,0
9,94.0,61,1,NORMAL,0,0,1,1,00,00,00,0
10,104.0,62,1,NORMAL,0,0,1,1,00,00,00,0
11,114.0,63,1,NORMAL,0,0,1,1,00,00,00,0
12,124.0,64,1,NORMAL,0,0,1,1,00,00,00,0
13,134.0,65,1,NORMAL,0,0,1,1,00,00,00,0
14,144.0,66,1,NORMAL,0,0,1,1,00,00,00,0
15,154.0,67,1,NORMAL,0,0,1,1,00,00,00,0
16,164.0,68,1,NORMAL,0,0,1,1,00,00,00,0
17,174.0,69,1,NORMAL,0,0,1,1,00,00,00,0
18,184.0,70,1,NORMAL,0,0,1,1,00,00,00,0
19,194.0,71,1,NORMAL,0,0,1,1,00,00,00,0
20,204.0,72,1,NORMAL,0,0,1,1,00,00,00,0
21,214.0,73,1,NORMAL,0,0,1,1,00,00,00,0
22,224.0,74,1,NORMAL,0,0,1,1,00,00,00,0
23,234.0,75,1,NORMAL,0,0,1,1,00,00,00,0
24,244.0,76,1,NORMAL,0,0,1,1,00,00,00,0
25,254.0,77,1,NORMAL,0,0,1,1,00,00,00,0
26,264.0,78,1,NORMAL,0,0,1,1,00,00,00,0
27,274.0,79,1,NORMAL,0,0,1,1,00,00,00,0
28,284.0,80,1,NORMAL,0,0,1,1,00,00,00,0
29,294.0,81,1,THROTTLE,0,0,1,1,01,01,01,0
30,304.0,82,1,THROTTLE,0,1,1,0,01,01,01,0
31,314.0,83,1,THROTTLE,0,0,1,1,01,01,01,0
32,324.0,84,1,THROTTLE,0,1,1,0,01,01,01,0
33,334.0,85,1,THROTTLE,0,0,1,1,01,01,01,0
34,344.0,85,1,THROTTLE,0,1,1,0,01,01,01,0
35,354.0,85,1,THROTTLE,0,0,1,1,01,01,01,0
36,364.0,85,1,THROTTLE,0,1,1,0,01,01,01,0
37,374.0,85,1,THROTTLE,0,0,1,1,01,01,01,0
38,384.0,85,1,THROTTLE,0,1,1,0,01,00,01,1
39,394.0,85,1,THROTTLE,0,0,1,1,01,01,01,0
40,404.0,85,1,THROTTLE,0,1,1,0,01,01,01,0
41,414.0,85,1,THROTTLE,0,0,1,1,01,01,01,0
42,424.0,86,1,THROTTLE,0,1,1,0,01,01,01,0
43,434.0,87,1,THROTTLE,0,0,1,1,01,01,01,0
44,444.0,88,1,THROTTLE,0,1,1,0,01,01,01,0
45,454.0,89,1,THROTTLE,0,0,1,1,01,01,01,0
46,464.0,90,1,THROTTLE,0,1,1,0,01,01,01,0
47,474.0,91,1,THROTTLE,0,0,1,1,01,01,01,0
48,484.0,92,1,THROTTLE,0,1,1,0,01,01,01,0
49,494.0,93,1,THROTTLE,0,0,1,1,01,01,01,0
50,504.0,94,1,THROTTLE,0,1,1,0,01,01,01,0
51,514.0,95,1,THROTTLE,0,0,1,1,01,01,01,0
52,524.0,96,1,STOP,1,1,1,0,10,10,10,0
53,534.0,97,1,STOP,1,0,1,0,10,10,10,0
54,544.0,97,1,STOP,1,0,1,0,10,10,10,0
55,554.0,97,1,STOP,1,0,1,0,10,10,10,0
56,564.0,97,1,STOP,1,0,1,0,10,10,10,0
57,574.0,97,1,STOP,1,0,1,0,10,10,10,0
58,584.0,96,1,STOP,1,0,1,0,10,10,10,0
59,594.0,95,1,STOP,1,0,1,0,10,10,10,0
60,604.0,94,1,STOP,1,0,1,0,10,10,10,0
61,614.0,93,1,STOP,1,0,1,0,10,10,10,0
62,624.0,92,1,STOP,1,0,1,0,10,10,10,0
63,634.0,91,1,STOP,1,0,1,0,10,10,10,0
64,644.0,90,1,STOP,1,0,1,0,10,10,10,0
65,654.0,89,1,STOP,1,0,1,0,10,10,10,0
66,664.0,88,1,STOP,1,0,1,0,10,10,10,0
67,674.0,87,1,STOP,1,0,1,0,10,10,10,0
68,684.0,86,1,STOP,1,0,1,0,10,10,10,0
69,694.0,85,1,STOP,1,0,1,0,10,10,10,0
70,704.0,84,1,STOP,1,0,1,0,10,10,10,0
71,714.0,83,1,STOP,1,0,1,0,10,10,10,0
72,724.0,82,1,STOP,1,0,1,0,10,10,10,0
73,734.0,81,1,STOP,1,0,1,0,10,10,10,0
74,744.0,80,1,STOP,1,0,1,0,10,10,10,0
75,754.0,79,1,STOP,1,0,1,0,10,10,10,0
76,764.0,78,1,STOP,1,0,1,0,10,10,10,0
77,774.0,77,1,STOP,1,0,1,0,10,10,10,0
78,784.0,76,1,STOP,1,0,1,0,10,10,10,0
79,794.0,75,1,STOP,1,0,1,0,10,10,10,0
80,804.0,74,1,STOP,1,0,1,0,10,10,10,0
81,814.0,73,1,STOP,1,0,1,0,10,10,10,0
82,824.0,72,1,STOP,1,0,1,0,10,10,10,0
83,834.0,71,1,STOP,1,0,1,0,10,10,10,0
84,844.0,70,1,STOP,1,0,1,0,10,10,10,0
85,854.0,69,1,NORMAL,0,0,1,1,00,00,00,0
86,864.0,68,1,NORMAL,0,0,1,1,00,00,00,0
87,874.0,67,1,NORMAL,0,0,1,1,00,00,00,0
88,884.0,66,1,NORMAL,0,0,1,1,00,00,00,0
89,894.0,65,1,NORMAL,0,0,1,1,00,00,00,0
90,904.0,65,1,NORMAL,0,0,1,1,00,00,00,0
91,914.0,65,1,NORMAL,0,0,1,1,00,00,00,0
92,924.0,65,1,NORMAL,0,0,1,1,00,00,00,0
93,934.0,65,1,NORMAL,0,0,1,1,00,00,00,0
94,944.0,65,1,NORMAL,0,0,1,1,00,00,00,0
95,954.0,65,1,NORMAL,0,0,1,1,00,00,00,0
96,964.0,65,1,NORMAL,0,0,0,1,00,00,00,0
97,974.0,65,1,NORMAL,0,0,0,1,00,00,00,0
