cycle,sample_time_ns,therm_state,in_valid,in_first,in_last,in_ready,in_fire,in_a [l0..l3],in_b [l0..l3],out_valid_q,out_valid,out_ready,out_fire,out_data lane0,out_data lane1,out_data lane2,out_data lane3
0,4.0,x,0,0,0,x,0,"0,0,0,0","0,0,0,0",x,x,1,x,x,x,x,x
1,14.0,STOP,0,0,0,0,0,"0,0,0,0","0,0,0,0",0,0,1,0,0,0,0,0
2,24.0,STOP,0,0,0,0,0,"0,0,0,0","0,0,0,0",0,0,1,0,0,0,0,0
3,34.0,STOP,0,0,0,0,0,"0,0,0,0","0,0,0,0",0,0,1,0,0,0,0,0
4,44.0,STOP,0,0,0,0,0,"0,0,0,0","0,0,0,0",0,0,1,0,0,0,0,0
5,54.0,NORMAL,1,1,1,1,1,"2,3,4,5","3,4,5,6",0,0,0,0,0,0,0,0
6,64.0,NORMAL,1,1,0,0,0,"-128,127,-1,10","-128,-128,9,-10",1,1,0,0,6,12,20,30
7,74.0,NORMAL,1,1,0,0,0,"-128,127,-1,10","-128,-128,9,-10",1,1,0,0,6,12,20,30
8,84.0,NORMAL,1,1,0,0,0,"-128,127,-1,10","-128,-128,9,-10",1,1,0,0,6,12,20,30
9,94.0,NORMAL,1,1,0,0,0,"-128,127,-1,10","-128,-128,9,-10",1,1,0,0,6,12,20,30
10,104.0,NORMAL,1,1,0,0,0,"-128,127,-1,10","-128,-128,9,-10",1,1,0,0,6,12,20,30
11,114.0,NORMAL,1,1,0,0,0,"-128,127,-1,10","-128,-128,9,-10",1,1,0,0,6,12,20,30
12,124.0,NORMAL,1,1,0,1,1,"-128,127,-1,10","-128,-128,9,-10",1,1,1,1,6,12,20,30
13,134.0,NORMAL,1,0,1,1,1,"1,1,1,1","1,2,3,4",0,0,0,0,6,12,20,30
14,144.0,NORMAL,0,0,0,0,0,"1,1,1,1","1,2,3,4",1,1,0,0,16385,-16254,-6,-96
15,154.0,NORMAL,0,0,0,0,0,"1,1,1,1","1,2,3,4",1,1,0,0,16385,-16254,-6,-96
16,164.0,NORMAL,0,0,0,0,0,"1,1,1,1","1,2,3,4",1,1,0,0,16385,-16254,-6,-96
17,174.0,NORMAL,0,0,0,0,0,"1,1,1,1","1,2,3,4",1,1,0,0,16385,-16254,-6,-96
18,184.0,NORMAL,0,0,0,1,0,"1,1,1,1","1,2,3,4",1,1,1,1,16385,-16254,-6,-96
19,194.0,NORMAL,0,0,0,1,0,"1,1,1,1","1,2,3,4",0,0,1,0,16385,-16254,-6,-96
20,204.0,NORMAL,0,0,0,1,0,"1,1,1,1","1,2,3,4",0,0,1,0,16385,-16254,-6,-96
21,214.0,NORMAL,0,0,0,1,0,"1,1,1,1","1,2,3,4",0,0,1,0,16385,-16254,-6,-96
